,id,bank_predicted
0,1760,0
1,1647,0
2,555,0
3,473,0
4,3031,0
5,1824,0
6,3864,1
7,3631,0
8,1951,0
9,3469,0
10,2692,0
11,2046,1
12,3390,0
13,2505,0
14,2011,0
15,3046,0
16,2130,0
17,683,0
18,422,0
19,3301,0
20,3711,0
21,2167,0
22,395,0
23,175,0
24,607,0
25,3388,0
26,2783,1
27,2974,0
28,232,0
29,2115,0
30,2351,0
31,1292,0
32,2949,0
33,3969,0
34,3239,1
35,1232,0
36,335,0
37,1595,0
38,871,1
39,3473,0
40,4062,0
41,2012,0
42,494,1
43,128,0
44,3401,0
45,2068,0
46,3881,0
47,1609,0
48,1114,0
49,3334,0
50,850,0
51,1542,1
52,1182,0
53,3415,0
54,913,0
55,260,0
56,1074,0
57,1459,0
58,999,0
59,2069,0
60,3171,1
61,1566,0
62,2678,0
63,782,0
64,2575,0
65,3619,0
66,3721,0
67,2643,0
68,1482,0
69,2114,0
70,3491,0
71,1825,0
72,2007,0
73,4054,0
74,1110,0
75,1717,0
76,3439,0
77,3242,0
78,1376,0
79,2600,0
80,826,0
81,3383,0
82,3204,0
83,1828,0
84,1987,0
85,3962,0
86,455,0
87,3852,0
88,96,0
89,2954,0
90,1193,0
91,1511,0
92,1718,0
93,3236,0
94,3414,0
95,72,0
96,2108,0
97,2411,0
98,101,0
99,1592,1
100,2534,1
101,1406,0
102,3222,0
103,2937,0
104,3471,0
105,3609,0
106,3522,0
107,1136,0
108,1585,0
109,423,0
110,2004,0
111,1606,0
112,2900,0
113,1922,0
114,714,0
115,944,1
116,115,0
117,1263,0
118,436,0
119,885,0
120,1473,0
121,2863,1
122,1268,0
123,3282,0
124,2987,1
125,3966,0
126,3505,0
127,977,0
128,3485,0
129,3741,0
130,3274,0
131,3117,0
132,1598,0
133,3909,0
134,3174,0
135,1582,0
136,179,1
137,2909,0
138,2649,1
139,2760,0
140,2604,0
141,462,0
142,16,0
143,2853,0
144,600,0
145,3572,0
146,3423,1
147,3697,0
148,2855,0
149,1156,0
150,165,0
151,1142,0
152,1663,0
153,841,0
154,3490,0
155,3149,0
156,3154,0
157,3367,0
158,3205,0
159,2849,0
160,1108,0
161,420,0
162,3464,0
163,361,0
164,3528,0
165,608,0
166,3755,0
167,4024,0
168,3533,0
169,3440,0
170,343,0
171,2346,0
172,3507,0
173,2276,0
174,880,0
175,3326,0
176,3964,0
177,3787,0
178,3287,0
179,3417,0
180,1732,0
181,1680,0
182,736,0
183,394,0
184,2515,1
185,2661,0
186,2285,0
187,764,0
188,1646,0
189,3842,0
190,2392,0
191,158,0
192,1715,0
193,1425,0
194,2579,1
195,2393,0
196,2507,0
197,1528,0
198,2388,0
199,333,0
200,720,1
201,588,0
202,793,0
203,3006,0
204,789,0
205,849,0
206,2770,0
207,3170,0
208,94,0
209,385,0
210,230,0
211,584,0
212,2759,0
213,75,1
214,1573,1
215,1354,0
216,1763,0
217,1540,0
218,3607,0
219,2717,0
220,1564,0
221,3897,0
222,2766,0
223,727,0
224,3162,0
225,3577,0
226,2623,0
227,3862,0
228,1808,0
229,2178,0
230,3925,0
231,1058,0
232,2667,0
233,4117,0
234,1739,0
235,1498,0
236,3264,0
237,1574,0
238,124,0
239,2475,0
240,1301,0
241,2641,0
242,2472,0
243,3880,1
244,523,0
245,825,1
246,1054,0
247,1578,0
248,1633,1
249,1026,0
250,1413,0
251,645,0
252,1757,0
253,2518,1
254,2512,0
255,2572,1
256,1454,0
257,3199,0
258,1046,1
259,4052,0
260,2848,0
261,1814,1
262,2971,0
263,2015,0
264,1169,0
265,1622,0
266,1754,0
267,3829,0
268,319,0
269,3380,0
270,1704,0
271,2044,0
272,1905,0
273,2120,0
274,917,0
275,518,0
276,1888,0
277,3021,0
278,3435,0
279,2979,0
280,2140,0
281,3879,0
282,1119,0
283,3511,0
284,429,0
285,2179,0
286,2380,0
287,566,0
288,3208,1
289,3692,0
290,3717,0
291,350,0
292,1384,0
293,3296,1
294,3754,0
295,1023,0
296,2944,0
297,3807,0
298,2489,1
299,2457,0
300,2142,0
301,2091,0
302,763,0
303,1805,1
304,1630,0
305,3189,0
306,3309,0
307,301,0
308,3385,0
309,2194,0
310,214,0
311,4094,0
312,173,0
313,3327,1
314,180,1
315,3307,0
316,2670,0
317,3597,0
318,1637,0
319,331,0
320,2041,0
321,297,0
322,1212,1
323,2845,0
324,3226,0
325,3306,0
326,3421,0
327,3198,0
328,3911,0
329,4107,0
330,2195,0
331,3297,0
332,1491,0
333,1367,0
334,174,0
335,1005,1
336,2808,0
337,3764,0
338,993,0
339,2714,0
340,2617,1
341,1154,0
342,3245,0
343,552,1
344,1319,0
345,3949,0
346,1001,1
347,82,0
348,1929,0
349,3952,0
350,2463,0
351,1366,1
352,356,0
353,2128,0
354,3834,0
355,1893,0
356,1687,0
357,3066,0
358,1523,0
359,370,0
360,602,0
361,3861,0
362,924,0
363,22,1
364,1923,0
365,3244,1
366,762,0
367,3898,1
368,271,0
369,95,0
370,3918,0
371,882,0
372,2321,0
373,2275,0
374,961,0
375,162,0
376,222,0
377,1061,0
378,923,0
379,2737,0
380,798,0
381,1628,0
382,533,1
383,3751,0
384,3669,0
385,2471,0
386,3513,0
387,2010,0
388,2076,0
389,1643,0
390,3780,0
391,425,0
392,3736,0
393,2788,0
394,196,0
395,1728,0
396,2689,0
397,1950,0
398,177,0
399,2701,0
400,2823,0
401,623,0
402,1003,0
403,514,0
404,2035,0
405,2488,0
406,3660,0
407,978,1
408,3419,0
409,2127,0
410,2843,0
411,1858,0
412,3871,0
413,3613,0
414,2668,0
415,2155,0
416,2567,0
417,3097,0
418,2588,0
419,1059,0
420,3183,0
421,3213,0
422,2724,0
423,678,0
424,3113,1
425,987,0
426,53,0
427,256,0
428,2181,0
429,1329,0
430,1709,0
431,2980,0
432,2970,0
433,231,0
434,2342,0
435,209,0
436,692,0
437,3370,0
438,921,0
439,2426,0
440,1218,0
441,3601,0
442,380,0
443,2344,0
444,2279,1
445,2940,0
446,543,0
447,3444,0
448,630,0
449,2705,0
450,3683,0
451,3223,0
452,99,0
453,3585,0
454,3038,0
455,3702,0
456,1525,0
457,2138,0
458,451,1
459,1936,0
460,2442,0
461,2797,0
462,1608,0
463,3946,1
464,1562,0
465,2997,0
466,652,0
467,2184,0
468,3193,0
469,4,0
470,1533,0
471,2610,0
472,1684,0
473,284,0
474,4076,0
475,37,0
476,1502,0
477,2524,1
478,19,0
479,384,0
480,1330,0
481,3265,0
482,2595,0
483,186,0
484,1178,0
485,651,0
486,1017,0
487,3782,0
488,1942,0
489,2328,0
490,1798,0
491,329,0
492,3443,0
493,1713,1
494,2881,0
495,2556,0
496,1699,0
497,1762,0
498,3995,0
499,581,0
500,2576,0
501,1666,0
502,4085,0
503,32,0
504,3456,1
505,2700,0
506,3987,0
507,2513,0
508,1174,0
509,1668,0
510,2172,1
511,3570,0
512,3833,0
513,633,0
514,3554,0
515,3504,0
516,3706,0
517,1412,0
518,2423,0
519,2084,0
520,3639,0
521,621,0
522,3665,0
523,3500,0
524,1535,0
525,3712,0
526,812,0
527,87,0
528,3993,0
529,1021,0
530,2723,0
531,137,0
532,858,0
533,2888,0
534,2570,0
535,450,0
536,1993,0
537,2601,0
538,3710,0
539,3989,0
540,2062,0
541,1877,0
542,745,0
543,4093,0
544,833,0
545,2207,0
546,2877,0
547,2266,0
548,3976,0
549,799,0
550,1999,0
551,3503,0
552,2523,0
553,2615,0
554,337,0
555,2752,0
556,1708,0
557,899,0
558,3781,0
559,854,0
560,824,0
561,1985,0
562,2650,0
563,970,0
564,4019,0
565,2132,0
566,1843,0
567,1892,0
568,4100,0
569,2480,0
570,1576,0
571,3604,1
572,1730,0
573,954,0
574,447,0
575,76,0
576,665,1
577,3275,0
578,1737,0
579,1090,0
580,2761,0
581,3074,0
582,3738,0
583,3889,0
584,1287,0
585,1645,1
586,444,0
587,1552,0
588,1221,0
589,1423,0
590,3866,1
591,703,0
592,428,0
593,3647,1
594,949,0
595,2160,0
596,2662,1
597,1429,0
598,3018,0
599,2325,0
600,1527,0
601,213,0
602,3164,0
603,3944,1
604,2753,0
605,3926,0
606,11,0
607,1590,0
608,3739,0
609,3922,0
610,1543,0
611,1547,0
612,1804,0
613,3372,0
614,1284,0
615,2317,0
616,604,0
617,1109,1
618,1989,0
619,2810,0
620,1476,0
621,2596,0
622,3381,0
623,2224,0
624,1422,0
625,3044,1
626,1723,0
627,1416,0
628,2331,0
629,828,0
630,2355,0
631,1986,1
632,27,0
633,2071,0
634,2409,0
635,2532,0
636,628,0
637,15,0
638,3214,0
639,719,0
640,530,0
641,1048,0
642,1712,0
643,3118,0
644,89,0
645,4059,0
646,3352,0
647,1882,0
648,2330,0
649,3742,0
650,3797,1
651,2050,0
652,3618,0
653,746,0
654,430,0
655,20,1
656,1373,0
657,753,0
658,3218,0
659,524,0
660,1653,0
661,1267,0
662,2307,0
663,2758,0
664,2571,0
665,3406,0
666,3750,0
667,265,0
668,2200,0
669,872,0
670,355,0
671,2165,0
672,2491,0
673,3353,0
674,575,0
675,1477,0
676,3089,0
677,596,0
678,1468,0
679,476,0
680,3368,1
681,2520,0
682,2840,0
683,114,0
684,511,0
685,515,0
686,2443,0
687,3455,0
688,592,0
689,2070,0
690,1401,0
691,962,0
692,2305,1
693,940,0
694,3366,0
695,3664,0
696,3115,0
697,3227,0
698,1559,0
699,3426,0
700,3346,0
701,3678,0
702,3519,0
703,3934,0
704,407,0
705,795,0
706,2023,0
707,1245,0
708,2985,0
709,489,0
710,3329,0
711,2633,0
712,2074,0
713,2506,0
714,2549,0
715,3273,0
716,1285,0
717,3723,0
718,2196,0
719,3814,0
720,3212,0
721,2844,0
722,1258,0
723,741,0
724,3841,0
725,2790,0
726,2122,0
727,1144,0
728,4116,0
729,452,0
730,955,1
731,1796,0
732,2956,0
733,1130,1
734,3716,0
735,306,0
736,1434,0
737,1455,0
738,3260,0
739,2158,0
740,1278,0
741,2879,0
742,3073,0
743,1742,0
744,3509,0
745,1225,0
746,3600,0
747,4021,0
748,2743,0
749,2696,0
750,3300,1
751,1676,1
752,1683,0
753,673,0
754,1397,0
755,2775,0
756,3191,1
757,1420,0
758,3788,0
759,270,0
760,1623,0
761,945,0
762,2793,0
763,2365,0
764,2316,0
765,4018,0
766,2252,0
767,2145,0
768,2406,0
769,2555,0
770,3823,0
771,1789,0
772,261,0
773,4026,0
774,3481,1
775,3858,0
776,2587,0
777,705,0
778,3745,0
779,2400,0
780,1761,0
781,3064,0
782,3175,0
783,23,0
784,3643,0
785,2769,1
786,1883,0
787,1057,0
788,3520,1
789,933,0
790,866,0
791,982,0
792,3630,0
793,2341,0
794,1895,0
795,1907,0
796,1417,0
797,1729,0
798,60,1
799,1651,0
800,1271,0
801,2360,1
802,2834,0
803,192,0
804,3422,0
805,1343,0
806,3109,0
807,2529,1
808,1935,0
809,2871,0
810,3190,0
811,3498,0
812,3413,0
813,1655,0
814,1289,0
815,3335,0
816,2486,0
817,2873,0
818,794,0
819,1053,0
820,1456,0
821,3253,0
822,2734,0
823,4049,0
824,3112,0
825,2173,0
826,1930,0
827,3369,0
828,3268,0
829,556,0
830,3753,0
831,2483,0
832,1881,0
833,1631,0
834,655,0
835,411,0
836,1842,0
837,1973,0
838,1471,0
839,3912,0
840,1912,0
841,1437,0
842,2081,0
843,4047,0
844,227,0
845,52,0
846,3298,0
847,3438,1
848,3152,0
849,2852,0
850,263,1
851,582,1
852,2052,0
853,3318,0
854,183,0
855,3194,0
856,2826,0
857,2725,1
858,844,0
859,3433,0
860,1537,0
861,3160,0
862,2545,0
863,3626,0
864,3593,0
865,1019,0
866,4034,0
867,2100,0
868,2259,0
869,278,0
870,3188,1
871,2812,0
872,3135,0
873,1669,1
874,3308,0
875,3055,0
876,1448,0
877,3494,0
878,1269,0
879,2635,0
880,1766,0
881,1626,0
882,3155,0
883,3905,0
884,3845,0
885,2537,0
886,3548,0
887,2833,0
888,1447,0
889,3547,0
890,3794,1
891,3914,0
892,3612,0
893,3094,0
894,1206,0
895,593,0
896,1421,0
897,12,0
898,4050,0
899,1315,0
900,3407,0
901,2619,0
902,195,0
903,2568,0
904,1869,0
905,362,0
906,3564,0
907,4031,0
908,1248,0
909,1335,0
910,449,1
911,3525,0
912,847,0
913,2716,0
914,3276,0
915,3070,0
916,1073,0
917,3400,0
918,1028,0
919,1032,0
920,1196,0
921,2952,0
922,2856,0
923,1768,0
924,1551,0
925,1908,0
926,2887,0
927,1612,1
928,2204,0
929,475,0
930,4058,0
931,3016,0
932,2687,0
933,3901,0
934,632,0
935,3940,1
936,3356,1
937,1857,0
938,3130,0
939,2139,1
940,326,0
941,2794,0
942,2213,0
943,3056,0
944,176,0
945,2227,0
946,3057,0
947,712,0
948,635,0
949,1691,0
950,3924,0
951,2056,0
952,512,0
953,437,0
954,83,0
955,3299,0
956,2747,1
957,3248,0
958,3403,0
959,650,0
960,1698,0
961,1138,0
962,2308,0
963,1234,0
964,1703,0
965,879,0
966,166,1
967,2318,0
968,1188,0
969,3168,0
970,1002,0
971,2666,0
972,282,0
973,377,0
974,770,0
975,1952,0
976,3568,0
977,3512,0
978,1469,0
979,788,0
980,903,0
981,1781,0
982,3083,0
983,2806,0
984,1316,0
985,2242,0
986,3234,0
987,3478,0
988,1689,0
989,1512,0
990,4065,0
991,3262,0
992,3142,0
993,1974,0
994,3351,0
995,2372,0
996,3047,0
997,2581,1
998,2038,0
999,1688,1
1000,4030,0
1001,2338,0
1002,4098,0
1003,1975,0
1004,1336,0
1005,1793,0
1006,2375,0
1007,274,0
1008,4025,0
1009,1036,0
1010,2926,0
1011,2153,0
1012,3457,0
1013,501,0
1014,1450,0
1015,2183,1
1016,2036,0
1017,2131,0
1018,4092,0
1019,1149,0
1020,122,0
1021,682,0
1022,2519,0
1023,2795,0
1024,135,0
1025,2232,1
1026,3992,0
1027,2947,0
1028,342,0
1029,287,0
1030,400,0
1031,7,0
1032,3825,0
1033,1257,0
1034,3100,0
1035,3757,0
1036,1216,0
1037,1541,1
1038,532,0
1039,2969,0
1040,496,0
1041,3693,0
1042,1593,0
1043,3261,0
1044,144,1
1045,2075,0
1046,2804,0
1047,614,0
1048,526,0
1049,30,0
1050,738,0
1051,312,0
1052,3023,0
1053,832,0
1054,1998,0
1055,1250,0
1056,3690,0
1057,3441,0
1058,3121,0
1059,927,0
1060,1594,1
1061,519,0
1062,1899,0
1063,2095,0
1064,3332,0
1065,1213,0
1066,1408,0
1067,1641,0
1068,2721,0
1069,702,0
1070,408,0
1071,1313,0
1072,3958,0
1073,2957,0
1074,2778,0
1075,2631,0
1076,2599,0
1077,874,0
1078,84,0
1079,2484,0
1080,152,0
1081,2186,0
1082,3015,0
1083,586,0
1084,1000,0
1085,3835,0
1086,1792,0
1087,202,0
1088,3956,0
1089,4023,0
1090,2161,0
1091,1518,0
1092,4063,0
1093,2395,0
1094,3682,0
1095,1041,0
1096,1004,0
1097,111,0
1098,2326,0
1099,2580,0
1100,2859,0
1101,3418,1
1102,2218,1
1103,1382,0
1104,2284,0
1105,1027,0
1106,2359,0
1107,1758,0
1108,3947,1
1109,1589,0
1110,2962,0
1111,48,0
1112,618,0
1113,4048,0
1114,1490,0
1115,1675,0
1116,2809,0
1117,2024,0
1118,1452,0
1119,2019,1
1120,3030,0
1121,777,0
1122,1731,0
1123,1083,0
1124,3662,0
1125,2288,0
1126,3955,0
1127,309,0
1128,967,0
1129,938,0
1130,3092,0
1131,2533,0
1132,1112,0
1133,1948,0
1134,3005,0
1135,1251,0
1136,1617,1
1137,688,0
1138,1274,0
1139,1726,0
1140,2932,1
1141,354,0
1142,2829,0
1143,1458,0
1144,3411,0
1145,4013,0
1146,576,0
1147,2535,0
1148,2973,0
1149,820,0
1150,1648,0
1151,2413,0
1152,2977,1
1153,1042,0
1154,2988,0
1155,2109,0
1156,1445,0
1157,4006,0
1158,829,0
1159,3983,0
1160,1735,0
1161,3589,0
1162,3434,0
1163,3101,0
1164,3696,0
1165,2358,0
1166,1331,0
1167,3625,0
1168,2647,0
1169,1560,0
1170,3804,0
1171,3942,0
1172,239,1
1173,754,0
1174,1438,0
1175,2096,0
1176,1572,0
1177,2246,0
1178,889,0
1179,3575,0
1180,2885,0
1181,2263,0
1182,545,0
1183,1753,0
1184,3921,0
1185,1829,0
1186,2498,0
1187,327,0
1188,3637,0
1189,860,0
1190,4008,0
1191,2528,0
1192,1282,0
1193,2429,0
1194,3792,0
1195,3769,0
1196,315,0
1197,1607,0
1198,348,0
1199,1167,0
1200,1191,0
1201,2085,0
1202,198,0
1203,97,0
1204,1120,1
1205,4106,0
1206,2499,0
1207,983,0
1208,2501,0
1209,55,0
1210,1618,0
1211,100,0
1212,1409,0
1213,433,0
1214,992,0
1215,2798,1
1216,2995,0
1217,2894,0
1218,2726,1
1219,2968,0
1220,3448,0
1221,3635,0
1222,3837,0
1223,953,0
1224,546,0
1225,1629,1
1226,1967,1
1227,1959,0
1228,3463,1
1229,2850,0
1230,2578,0
1231,915,0
1232,3758,1
1233,2672,0
1234,3085,1
1235,2636,0
1236,3042,0
1237,1410,0
1238,1673,0
1239,644,0
1240,1640,0
1241,569,0
1242,2644,0
1243,1627,0
1244,2258,0
1245,1611,0
1246,696,0
1247,3796,0
1248,654,0
1249,105,0
1250,1233,0
1251,603,0
1252,3938,1
1253,3165,0
1254,2975,0
1255,3574,0
1256,2920,0
1257,3896,0
1258,2418,0
1259,2282,0
1260,1352,0
1261,3685,0
1262,910,0
1263,3543,0
1264,3484,0
1265,862,0
1266,3595,0
1267,3396,0
1268,4082,0
1269,810,0
1270,1157,0
1271,1672,0
1272,2092,0
1273,1577,1
1274,1953,0
1275,3495,0
1276,3001,0
1277,1033,0
1278,3979,0
1279,80,0
1280,1192,0
1281,2077,0
1282,1045,0
1283,1610,1
1284,3284,0
1285,804,0
1286,237,0
1287,310,0
1288,1484,0
1289,3811,0
1290,3344,0
1291,3540,0
1292,2531,0
1293,1204,0
1294,2345,0
1295,1548,0
1296,1820,0
1297,1779,0
1298,3231,0
1299,3331,0
1300,1909,0
1301,2339,0
1302,129,1
1303,2257,0
1304,2866,0
1305,661,0
1306,3891,0
1307,3501,0
1308,2613,0
1309,2965,1
1310,2815,0
1311,663,0
1312,643,0
1313,88,0
1314,1706,0
1315,919,0
1316,2292,0
1317,320,0
1318,1304,0
1319,959,0
1320,2045,0
1321,307,0
1322,1838,0
1323,1088,1
1324,3104,0
1325,3067,0
1326,1449,0
1327,1982,1
1328,1786,0
1329,3743,0
1330,1320,0
1331,1094,0
1332,2294,0
1333,3890,1
1334,1246,0
1335,1467,0
1336,573,0
1337,848,0
1338,3970,1
1339,2573,0
1340,823,0
1341,3632,0
1342,3542,0
1343,1682,0
1344,3709,0
1345,1583,0
1346,2762,0
1347,246,0
1348,507,0
1349,3095,0
1350,3230,0
1351,3029,0
1352,3878,0
1353,516,0
1354,1635,0
1355,484,1
1356,1247,0
1357,1176,1
1358,2490,0
1359,3292,0
1360,1217,0
1361,2658,0
1362,229,1
1363,3950,1
1364,2878,0
1365,2749,0
1366,1722,0
1367,3641,0
1368,1984,0
1369,62,0
1370,2332,0
1371,1830,0
1372,4080,0
1373,3467,0
1374,980,0
1375,269,0
1376,3917,0
1377,3404,0
1378,939,0
1379,3338,0
1380,1121,0
1381,1411,0
1382,3000,0
1383,1983,0
1384,1024,0
1385,617,0
1386,1960,0
1387,2051,0
1388,2209,0
1389,2116,0
1390,3200,0
1391,2336,1
1392,21,0
1393,1605,0
1394,2607,0
1395,4119,0
1396,3904,0
1397,3549,0
1398,2732,0
1399,2121,0
1400,3571,0
1401,2465,0
1402,508,0
1403,3771,0
1404,1442,0
1405,228,0
1406,2006,0
1407,3813,0
1408,790,0
1409,2031,0
1410,1837,0
1411,2402,0
1412,2110,0
1413,2206,0
1414,534,0
1415,1205,0
1416,3655,0
1417,2309,0
1418,1338,0
1419,2679,0
1420,3412,0
1421,3802,0
1422,1113,0
1423,743,0
1424,396,0
1425,2458,0
1426,2671,0
1427,2634,0
1428,1215,0
1429,2745,0
1430,2412,0
1431,3684,1
1432,2123,0
1433,822,0
1434,693,0
1435,2430,0
1436,2313,0
1437,3176,0
1438,2837,0
1439,257,0
1440,3566,1
1441,2327,0
1442,1202,0
1443,1325,0
1444,267,0
1445,299,0
1446,1549,0
1447,2776,0
1448,2333,0
1449,2543,1
1450,170,0
1451,212,0
1452,2536,0
1453,609,0
1454,2586,0
1455,925,0
1456,4070,1
1457,3541,0
1458,989,0
1459,1504,0
1460,3259,1
1461,2574,0
1462,382,1
1463,1402,0
1464,3453,0
1465,1943,1
1466,3315,0
1467,3460,0
1468,3053,0
1469,778,0
1470,472,1
1471,150,0
1472,2348,0
1473,247,0
1474,3108,1
1475,1370,0
1476,2496,0
1477,3235,0
1478,1463,0
1479,1063,0
1480,2553,0
1481,3488,0
1482,1163,0
1483,363,0
1484,2185,0
1485,2733,1
1486,4108,0
1487,771,0
1488,892,0
1489,418,0
1490,2112,1
1491,691,0
1492,1855,0
1493,3290,0
1494,1439,0
1495,2478,0
1496,416,0
1497,877,0
1498,3817,0
1499,2147,0
1500,367,0
1501,994,0
1502,285,0
1503,431,0
1504,2754,0
1505,3633,0
1506,3321,0
1507,1075,1
1508,572,0
1509,2530,0
1510,1550,0
1511,1906,0
1512,3477,0
1513,1940,0
1514,4113,0
1515,136,1
1516,1516,0
1517,3839,0
1518,558,0
1519,2461,0
1520,1239,0
1521,598,0
1522,3311,0
1523,2215,0
1524,2912,0
1525,3408,0
1526,2983,0
1527,542,0
1528,1211,0
1529,3129,0
1530,775,0
1531,2493,0
1532,2383,1
1533,1189,0
1534,4078,0
1535,1209,0
1536,1818,0
1537,761,0
1538,929,0
1539,3424,0
1540,1744,0
1541,759,0
1542,2469,0
1543,1346,0
1544,1565,0
1545,2893,0
1546,3022,0
1547,3707,0
1548,3672,0
1549,1601,0
1550,1133,0
1551,2107,0
1552,3122,0
1553,1693,0
1554,2237,0
1555,1915,0
1556,3449,0
1557,2403,0
1558,3884,0
1559,1487,1
1560,3382,0
1561,907,0
1562,930,0
1563,1639,0
1564,1521,0
1565,2645,1
1566,634,0
1567,946,0
1568,750,0
1569,1790,0
1570,336,0
1571,3846,0
1572,2088,0
1573,1831,0
1574,1674,0
1575,3853,0
1576,386,0
1577,1387,0
1578,869,0
1579,1137,0
1580,3271,1
1581,2695,0
1582,1536,0
1583,718,0
1584,1714,1
1585,1079,0
1586,2559,0
1587,3399,0
1588,410,0
1589,2526,0
1590,3700,0
1591,3020,0
1592,1069,0
1593,2711,0
1594,1485,0
1595,1567,0
1596,3916,0
1597,709,0
1598,2073,0
1599,3195,0
1600,4102,0
1601,125,0
1602,1759,0
1603,1749,0
1604,2304,1
1605,1332,0
1606,2764,0
1607,486,0
1608,3677,0
1609,878,0
1610,3928,0
1611,3159,0
1612,3277,0
1613,1597,1
1614,1310,0
1615,3250,0
1616,2293,0
1617,1064,0
1618,167,0
1619,1474,0
1620,4109,0
1621,3713,0
1622,3446,1
1623,2566,0
1624,2657,0
1625,2796,1
1626,1819,0
1627,4087,0
1628,1720,0
1629,120,0
1630,2102,0
1631,563,0
1632,2398,0
1633,1051,0
1634,2898,0
1635,1900,0
1636,587,0
1637,2720,0
1638,1927,0
1639,1997,0
1640,948,1
1641,3185,1
1642,991,0
1643,1493,0
1644,1339,0
1645,2728,0
1646,1486,1
1647,3081,0
1648,1040,0
1649,3567,0
1650,699,0
1651,1102,0
1652,2389,0
1653,873,0
1654,3795,0
1655,1300,0
1656,1632,0
1657,1874,0
1658,2193,0
1659,2875,0
1660,2922,0
1661,2825,0
1662,2025,0
1663,461,0
1664,3345,0
1665,2447,0
1666,3650,0
1667,1047,1
1668,2199,0
1669,3039,0
1670,3532,0
1671,438,0
1672,4036,0
1673,1126,0
1674,506,0
1675,766,0
1676,1604,0
1677,3350,0
1678,3687,0
1679,1086,0
1680,375,0
1681,106,0
1682,856,0
1683,2522,0
1684,2367,1
1685,881,0
1686,4022,0
1687,2681,0
1688,3004,0
1689,2517,0
1690,332,0
1691,2039,0
1692,1904,0
1693,1488,0
1694,168,0
1695,1996,0
1696,1155,0
1697,2150,0
1698,2514,1
1699,3809,1
1700,3354,0
1701,3391,0
1702,3849,0
1703,715,0
1704,3207,0
1705,3305,0
1706,2028,0
1707,1586,0
1708,950,0
1709,752,0
1710,539,0
1711,2111,0
1712,3010,0
1713,3325,0
1714,2503,0
1715,973,0
1716,2550,0
1717,664,0
1718,2043,0
1719,737,0
1720,1871,0
1721,4020,0
1722,4015,0
1723,471,0
1724,2205,0
1725,2270,0
1726,3783,0
1727,808,0
1728,2905,0
1729,505,0
1730,2124,0
1731,1049,0
1732,130,0
1733,3791,0
1734,3859,0
1735,1977,0
1736,3827,0
1737,2055,0
1738,535,0
1739,3873,0
1740,3957,0
1741,1395,0
1742,161,0
1743,2098,0
1744,1889,0
1745,859,0
1746,1853,0
1747,102,0
1748,3680,0
1749,2049,0
1750,387,0
1751,2152,0
1752,194,0
1753,3810,0
1754,2477,0
1755,3728,0
1756,71,1
1757,698,0
1758,266,0
1759,2417,0
1760,1671,0
1761,2906,0
1762,3652,0
1763,3578,0
1764,1290,0
1765,2459,0
1766,1801,1
1767,2541,0
1768,1705,0
1769,3489,0
1770,1018,0
1771,1494,1
1772,1811,0
1773,1344,0
1774,3465,0
1775,381,0
1776,2787,0
1777,985,0
1778,3323,0
1779,1919,0
1780,1340,0
1781,3394,0
1782,1322,0
1783,3523,0
1784,1224,0
1785,2655,0
1786,3694,1
1787,1833,0
1788,2675,0
1789,1701,0
1790,1226,0
1791,1821,0
1792,3561,0
1793,3737,0
1794,1194,0
1795,653,0
1796,2680,0
1797,4038,0
1798,1539,0
1799,1153,0
1800,464,0
1801,3339,0
1802,8,0
1803,2538,0
1804,1614,0
1805,2385,0
1806,1778,0
1807,553,0
1808,203,0
1809,3557,1
1810,529,0
1811,3072,0
1812,958,0
1813,3363,0
1814,2287,0
1815,3058,0
1816,2067,0
1817,2125,0
1818,1658,0
1819,1115,0
1820,3856,0
1821,2502,1
1822,409,0
1823,40,0
1824,1903,0
1825,807,0
1826,781,0
1827,2141,0
1828,108,0
1829,1011,0
1830,1201,0
1831,2079,0
1832,3090,0
1833,1991,0
1834,1686,1
1835,90,0
1836,911,0
1837,14,0
1838,3534,0
1839,1446,0
1840,1107,0
1841,1143,0
1842,3986,0
1843,2169,0
1844,3466,0
1845,2694,0
1846,323,0
1847,1937,0
1848,1400,0
1849,1636,0
1850,1034,0
1851,2268,0
1852,2622,0
1853,2245,0
1854,163,0
1855,4010,0
1856,1846,0
1857,2416,0
1858,827,0
1859,288,0
1860,3883,0
1861,2989,0
1862,819,0
1863,29,0
1864,1961,0
1865,3032,1
1866,1080,0
1867,3733,0
1868,2323,0
1869,2,0
1870,3980,0
1871,3988,0
1872,2291,0
1873,3539,0
1874,1324,0
1875,303,1
1876,1399,0
1877,1526,0
1878,2959,0
1879,1530,0
1880,3529,0
1881,1812,0
1882,2992,0
1883,2421,0
1884,1827,0
1885,2144,0
1886,531,0
1887,725,0
1888,1286,0
1889,3065,1
1890,3249,0
1891,3082,0
1892,1554,0
1893,838,0
1894,1291,0
1895,883,0
1896,3591,0
1897,3691,0
1898,2669,0
1899,2939,0
1900,2445,0
1901,4057,0
1902,1795,0
1903,3166,0
1904,2254,0
1905,1925,0
1906,3041,0
1907,2118,1
1908,1568,0
1909,1161,0
1910,3931,0
1911,3614,0
1912,656,0
1913,1035,0
1914,3192,0
1915,1326,0
1916,2239,0
1917,3895,0
1918,2037,1
1919,468,0
1920,4088,0
1921,694,0
1922,3588,0
1923,1466,0
1924,2500,0
1925,178,0
1926,4118,0
1927,1374,0
1928,2240,0
1929,1591,0
1930,3530,0
1931,517,0
1932,2676,0
1933,2300,1
1934,3461,0
1935,3573,0
1936,1868,0
1937,567,0
1938,2283,0
1939,3384,0
1940,817,0
1941,3768,0
1942,249,0
1943,3638,1
1944,3514,0
1945,1087,0
1946,780,1
1947,2415,0
1948,1958,0
1949,1748,1
1950,469,0
1951,941,0
1952,2821,0
1953,2904,1
1954,674,0
1955,64,0
1956,117,0
1957,2931,0
1958,3474,0
1959,1081,0
1960,806,0
1961,3695,0
1962,984,0
1963,3360,0
1964,3590,0
1965,1897,0
1966,3386,0
1967,2744,1
1968,3786,0
1969,250,0
1970,4103,0
1971,3210,0
1972,133,1
1973,2157,0
1974,3492,0
1975,2474,0
1976,4033,0
1977,1172,0
1978,1979,0
1979,364,0
1980,211,0
1981,3974,0
1982,787,0
1983,3201,0
1984,2822,0
1985,2382,0
1986,2094,0
1987,2374,1
1988,1016,0
1989,2226,0
1990,6,0
1991,1101,0
1992,1546,0
1993,554,0
1994,2565,0
1995,2813,0
1996,321,0
1997,801,0
1998,2691,0
1999,1272,0
2000,2444,0
2001,2377,0
2002,3708,1
2003,711,0
2004,3812,0
2005,1014,0
2006,2802,0
2007,3929,0
2008,244,0
2009,1170,0
2010,2618,0
2011,3051,0
2012,3579,0
2013,3337,1
2014,729,0
2015,2230,0
2016,3877,0
2017,811,0
2018,445,0
2019,3131,0
2020,3701,0
2021,3049,0
2022,2870,1
2023,147,0
2024,3610,0
2025,65,0
2026,4104,0
2027,334,0
2028,1252,0
2029,2174,0
2030,268,0
2031,1283,0
2032,755,0
2033,3537,0
2034,904,0
2035,378,0
2036,627,0
2037,286,0
2038,2425,0
2039,3824,1
2040,1886,0
2041,217,0
2042,2180,0
2043,3847,0
2044,2407,0
2045,3119,1
2046,4114,0
2047,2929,0
2048,2042,0
2049,624,0
2050,1845,0
2051,1281,0
2052,839,0
2053,2936,0
2054,3240,0
2055,2379,0
2056,1465,0
2057,1430,0
2058,1733,0
2059,1863,0
2060,1060,0
2061,1588,0
2062,1571,1
2063,660,0
2064,2715,0
2065,1620,0
2066,1139,0
2067,313,0
2068,434,0
2069,2428,0
2070,3705,0
2071,1596,0
2072,3521,0
2073,1850,0
2074,3322,0
2075,3902,0
2076,834,0
2077,1784,0
2078,190,0
2079,932,0
2080,2424,0
2081,1288,0
2082,3348,0
2083,585,0
2084,3518,0
2085,1782,0
2086,3977,0
2087,4095,0
2088,3272,1
2089,3935,0
2090,68,0
2091,2774,0
2092,2384,1
2093,456,0
2094,865,0
2095,2777,0
2096,2324,1
2097,2846,1
2098,2182,0
2099,3805,0
2100,3657,0
2101,340,0
2102,544,0
2103,1253,0
2104,1944,0
2105,2811,0
2106,2991,0
2107,2799,0
2108,4069,0
2109,353,0
2110,1945,0
2111,1832,0
2112,1104,1
2113,2063,0
2114,3075,0
2115,1327,0
2116,2189,0
2117,500,0
2118,776,0
2119,3799,0
2120,1378,0
2121,3699,0
2122,2624,0
2123,2626,0
2124,4068,0
2125,765,0
2126,3661,0
2127,3486,0
2128,3558,0
2129,912,0
2130,1241,0
2131,3581,1
2132,41,0
2133,3936,0
2134,728,0
2135,2946,0
2136,2718,0
2137,1499,0
2138,3907,0
2139,672,0
2140,1379,0
2141,4083,0
2142,3670,0
2143,2210,0
2144,1522,0
2145,1141,0
2146,3091,0
2147,3724,0
2148,4074,0
2149,2040,0
2150,2918,0
2151,2660,0
2152,1803,0
2153,2683,0
2154,4091,0
2155,2000,0
2156,1724,0
2157,513,0
2158,2902,0
2159,3653,0
2160,1520,0
2161,3667,0
2162,4089,1
2163,3761,0
2164,2921,1
2165,236,0
2166,3355,1
2167,1433,0
2168,2243,1
2169,205,1
2170,358,0
2171,1534,0
2172,4039,0
2173,758,0
2174,3376,0
2175,1769,0
2176,2889,0
2177,1492,1
2178,2454,0
2179,701,0
2180,98,0
2181,2203,0
2182,2119,0
2183,4067,1
2184,3140,1
2185,686,1
2186,4004,0
2187,3125,0
2188,2886,0
2189,2419,0
2190,160,0
2191,3760,0
2192,896,0
2193,905,0
2194,292,0
2195,2638,1
2196,975,0
2197,2608,0
2198,577,0
2199,1273,1
2200,3314,0
2201,3832,0
2202,3732,0
2203,1029,0
2204,3763,0
2205,300,0
2206,757,0
2207,3715,0
2208,1472,0
2209,1435,1
2210,3714,0
2211,1372,1
2212,3254,1
2213,311,0
2214,639,0
2215,197,0
2216,3559,0
2217,1581,0
2218,3429,0
2219,2994,0
2220,1968,0
2221,1345,0
2222,1756,0
2223,3899,0
2224,1822,1
2225,3476,0
2226,521,1
2227,2082,0
2228,1418,0
2229,4075,0
2230,1544,0
2231,330,0
2232,3688,1
2233,126,0
2234,2066,0
2235,3209,1
2236,796,0
2237,2663,0
2238,2054,0
2239,2439,0
2240,1091,0
2241,347,0
2242,1203,0
2243,156,0
2244,272,0
2245,2742,0
2246,2592,0
2247,3536,0
2248,1514,1
2249,3063,0
2250,1914,0
2251,2347,0
2252,3340,0
2253,1261,0
2254,1813,0
2255,2882,0
2256,3816,0
2257,2838,0
2258,631,0
2259,3215,0
2260,3493,0
2261,3110,0
2262,3482,1
2263,2247,0
2264,814,0
2265,733,1
2266,4077,0
2267,3868,0
2268,527,0
2269,1876,0
2270,3475,0
2271,1872,1
2272,2820,1
2273,36,0
2274,2320,0
2275,3730,0
2276,590,1
2277,1303,0
2278,474,0
2279,2903,1
2280,920,0
2281,979,0
2282,1355,0
2283,379,0
2284,2521,0
2285,1569,0
2286,730,0
2287,5,0
2288,3857,0
2289,742,1
2290,2816,0
2291,2005,0
2292,251,0
2293,3167,0
2294,2548,0
2295,1489,0
2296,4079,0
2297,1860,1
2298,610,1
2299,2993,0
2300,3747,0
2301,3623,0
2302,3819,0
2303,254,0
2304,2437,0
2305,502,1
2306,2133,0
2307,1265,0
2308,1563,0
2309,2756,0
2310,3646,0
2311,1852,0
2312,1146,0
2313,1305,0
2314,104,0
2315,1519,0
2316,181,0
2317,1807,0
2318,3217,0
2319,1561,0
2320,3379,0
2321,4110,0
2322,1368,1
2323,224,0
2324,3565,0
2325,2896,0
2326,562,0
2327,2999,0
2328,3681,0
2329,3080,0
2330,1297,0
2331,3087,1
2332,3002,0
2333,1700,0
2334,1432,0
2335,589,0
2336,3649,0
2337,3357,0
2338,894,0
2339,3569,0
2340,3238,0
2341,3269,0
2342,900,0
2343,3943,0
2344,1865,0
2345,2860,0
2346,199,0
2347,2646,0
2348,1199,0
2349,744,1
2350,415,0
2351,1992,0
2352,2948,0
2353,875,0
2354,1181,0
2355,2104,0
2356,2729,0
2357,809,0
2358,3243,0
2359,1009,0
2360,677,0
2361,3994,0
2362,2751,0
2363,1039,0
2364,3668,0
2365,189,0
2366,185,0
2367,1787,0
2368,3524,0
2369,138,0
2370,413,0
2371,3349,0
2372,2106,0
2373,3120,0
2374,3779,0
2375,3686,0
2376,2322,0
2377,2684,0
2378,774,0
2379,2998,0
2380,997,0
2381,3903,0
2382,3806,0
2383,2779,0
2384,685,0
2385,1187,0
2386,2034,0
2387,3008,0
2388,3985,0
2389,454,0
2390,2390,0
2391,2963,0
2392,1524,0
2393,3146,0
2394,821,0
2395,3516,0
2396,1510,0
2397,3967,0
2398,248,0
2399,891,0
2400,3012,0
2401,870,0
2402,3615,0
2403,786,0
2404,2791,0
2405,1481,0
2406,2765,0
2407,1375,1
2408,4003,0
2409,2340,0
2410,3389,0
2411,2349,0
2412,3499,0
2413,1371,0
2414,3893,1
2415,308,0
2416,3998,0
2417,676,0
2418,3156,0
2419,2301,0
2420,3151,1
2421,3137,0
2422,226,0
2423,3900,0
2424,2234,0
2425,2611,0
2426,2961,0
2427,318,0
2428,2828,0
2429,1878,0
2430,1867,1
2431,238,0
2432,264,1
2433,509,0
2434,2249,0
2435,1844,0
2436,2609,0
2437,357,0
2438,188,0
2439,3602,0
2440,835,0
2441,2719,0
2442,3932,0
2443,1894,0
2444,2511,0
2445,1089,1
2446,2217,0
2447,1242,1
2448,2452,0
2449,2494,0
2450,3920,0
2451,3818,1
2452,2698,0
2453,4097,0
2454,2628,0
2455,2950,1
2456,1599,0
2457,4101,0
2458,3436,0
2459,3036,0
2460,440,0
2461,56,0
2462,2399,0
2463,2357,0
2464,2027,0
2465,466,0
2466,3620,0
2467,3999,1
2468,3342,0
2469,1071,0
2470,1066,0
2471,2862,0
2472,259,0
2473,2867,0
2474,2923,0
2475,369,0
2476,2562,0
2477,2602,0
2478,3251,0
2479,1381,0
2480,2525,0
2481,3894,0
2482,695,0
2483,3941,0
2484,887,0
2485,2547,0
2486,2659,0
2487,3659,0
2488,2337,0
2489,2782,0
2490,1788,0
2491,3644,0
2492,345,0
2493,3266,0
2494,3959,0
2495,3452,0
2496,3427,0
2497,3333,0
2498,971,1
2499,374,0
2500,151,1
2501,3594,1
2502,116,0
2503,479,0
2504,3740,0
2505,3027,0
2506,1579,0
2507,2895,0
2508,1403,1
2509,1826,0
2510,1275,0
2511,1164,0
2512,641,0
2513,1307,0
2514,446,0
2515,2163,0
2516,2933,0
2517,785,0
2518,2768,0
2519,2591,0
2520,2047,0
2521,2295,0
2522,2350,0
2523,2841,0
2524,1747,0
2525,3013,0
2526,2652,0
2527,1007,1
2528,390,0
2529,601,1
2530,383,0
2531,2674,0
2532,1306,0
2533,2708,0
2534,1038,0
2535,3960,0
2536,3939,0
2537,1249,0
2538,2129,0
2539,359,0
2540,1072,0
2541,3908,0
2542,1570,0
2543,2414,0
2544,3061,0
2545,802,0
2546,344,0
2547,2842,0
2548,1398,0
2549,1625,0
2550,668,0
2551,3410,0
2552,1736,0
2553,906,0
2554,2569,0
2555,3014,0
2556,426,1
2557,4017,0
2558,3241,0
2559,1323,0
2560,346,0
2561,2585,0
2562,613,0
2563,1363,0
2564,3158,0
2565,3951,0
2566,2836,0
2567,4041,0
2568,1393,1
2569,2251,0
2570,3642,0
2571,934,0
2572,1353,0
2573,852,0
2574,1848,1
2575,1037,0
2576,3869,0
2577,1741,0
2578,243,0
2579,1933,1
2580,1696,0
2581,3133,0
2582,221,0
2583,3169,0
2584,276,0
2585,397,0
2586,1849,0
2587,2625,0
2588,3725,0
2589,2216,0
2590,751,1
2591,2564,0
2592,3286,0
2593,3310,0
2594,1093,0
2595,1752,0
2596,4090,1
2597,935,0
2598,503,0
2599,3919,0
2600,2818,0
2601,3882,0
2602,965,0
2603,61,0
2604,2236,0
2605,3377,0
2606,3720,0
2607,1841,0
2608,3033,0
2609,830,0
2610,713,0
2611,1836,0
2612,2058,0
2613,2731,0
2614,560,0
2615,2648,1
2616,3317,0
2617,1862,0
2618,3293,0
2619,783,0
2620,3468,0
2621,951,0
2622,1270,0
2623,1994,0
2624,792,0
2625,258,0
2626,2606,0
2627,1464,0
2628,1538,0
2629,1515,0
2630,388,0
2631,813,0
2632,3086,0
2633,3107,1
2634,988,0
2635,3343,0
2636,2800,0
2637,3220,0
2638,3622,0
2639,3302,0
2640,768,0
2641,1887,0
2642,3744,0
2643,2032,0
2644,499,0
2645,658,0
2646,3927,0
2647,1148,0
2648,4016,0
2649,1099,0
2650,1006,0
2651,995,0
2652,2269,0
2653,2335,0
2654,2356,0
2655,4066,0
2656,1103,0
2657,3592,0
2658,636,0
2659,3144,0
2660,1764,0
2661,3770,1
2662,3749,0
2663,206,0
2664,1356,0
2665,2202,0
2666,2978,0
2667,349,0
2668,1185,0
2669,956,0
2670,1321,1
2671,2632,0
2672,1962,0
2673,1128,0
2674,2164,0
2675,3789,0
2676,2651,0
2677,3663,0
2678,2697,0
2679,867,0
2680,2981,0
2681,3062,0
2682,1613,0
2683,2378,0
2684,3347,0
2685,3654,0
2686,2707,0
2687,548,0
2688,3800,0
2689,2876,1
2690,2612,0
2691,1638,0
2692,3648,0
2693,3203,0
2694,1175,0
2695,58,0
2696,2420,0
2697,2713,0
2698,2434,1
2699,480,1
2700,1854,0
2701,2272,0
2702,868,0
2703,1389,0
2704,666,0
2705,3820,0
2706,1995,0
2707,2907,0
2708,3545,0
2709,1650,0
2710,1885,0
2711,3267,1
2712,3312,0
2713,1453,0
2714,1970,0
2715,2827,0
2716,565,0
2717,2212,1
2718,2057,0
2719,571,1
2720,1956,0
2721,1910,0
2722,3803,0
2723,1861,0
2724,3132,0
2725,1694,0
2726,2354,0
2727,389,0
2728,2597,0
2729,2865,0
2730,1240,0
2731,1681,0
2732,1190,1
2733,2448,0
2734,3616,0
2735,1692,0
2736,233,0
2737,2405,0
2738,3611,0
2739,901,0
2740,2289,0
2741,1391,0
2742,3059,0
2743,2544,0
2744,2934,0
2745,3279,0
2746,1745,1
2747,3990,0
2748,3181,0
2749,2064,0
2750,393,0
2751,2746,0
2752,1184,0
2753,1740,0
2754,3375,0
2755,937,1
2756,721,0
2757,1441,0
2758,3608,0
2759,208,0
2760,1506,0
2761,689,0
2762,1587,0
2763,3480,0
2764,1710,0
2765,3863,1
2766,1679,0
2767,1847,1
2768,1219,0
2769,131,0
2770,2686,1
2771,1916,0
2772,3009,0
2773,840,0
2774,339,1
2775,3324,0
2776,3219,0
2777,2198,0
2778,1917,0
2779,3304,0
2780,3114,0
2781,537,1
2782,2487,0
2783,3875,0
2784,1884,0
2785,2883,0
2786,47,0
2787,69,1
2788,3320,0
2789,888,0
2790,816,0
2791,1505,0
2792,1616,0
2793,2456,0
2794,26,1
2795,611,0
2796,1662,1
2797,3766,0
2798,1390,0
2799,504,0
2800,2250,0
2801,2552,1
2802,3295,0
2803,1517,0
2804,3828,0
2805,1405,1
2806,3088,0
2807,296,0
2808,3836,0
2809,3187,0
2810,2422,0
2811,3177,0
2812,704,0
2813,2362,0
2814,2376,0
2815,3910,0
2816,2621,0
2817,723,0
2818,2222,0
2819,2231,0
2820,2656,0
2821,141,0
2822,324,0
2823,2175,0
2824,2824,0
2825,4061,0
2826,2253,0
2827,3153,0
2828,3984,0
2829,1118,0
2830,1794,1
2831,2772,0
2832,2577,0
2833,2168,0
2834,4073,0
2835,2750,0
2836,2897,0
2837,1105,0
2838,2097,0
2839,3515,0
2840,2495,0
2841,1299,1
2842,3586,0
2843,2177,0
2844,2789,0
2845,1100,0
2846,1965,0
2847,3981,1
2848,1584,0
2849,2387,0
2850,1369,0
2851,2839,0
2852,1677,0
2853,252,0
2854,2368,0
2855,3025,0
2856,1810,0
2857,1664,0
2858,1197,0
2859,3778,0
2860,157,0
2861,996,0
2862,3531,1
2863,1797,1
2864,3026,0
2865,3496,0
2866,3551,1
2867,2176,0
2868,3291,0
2869,2208,0
2870,2408,0
2871,3968,0
2872,478,1
2873,57,0
2874,3180,1
2875,3636,0
2876,1771,0
2877,1478,0
2878,2214,0
2879,2238,0
2880,2381,0
2881,619,0
2882,2935,0
2883,2911,0
2884,3447,0
2885,3483,0
2886,3885,0
2887,3756,0
2888,3134,0
2889,1168,0
2890,1076,0
2891,3402,0
2892,851,0
2893,3147,0
2894,914,0
2895,3605,0
2896,1317,0
2897,219,0
2898,2755,0
2899,3278,0
2900,3077,0
2901,3640,1
2902,1256,0
2903,1106,1
2904,294,0
2905,2485,0
2906,3527,1
2907,3562,0
2908,1461,0
2909,4028,0
2910,2267,0
2911,2807,0
2912,3197,0
2913,3432,0
2914,2780,0
2915,50,0
2916,3216,0
2917,2386,0
2918,2014,0
2919,3506,0
2920,1095,0
2921,3583,0
2922,3252,1
2923,3247,0
2924,1508,0
2925,3034,0
2926,3068,0
2927,3161,0
2928,2540,0
2929,2432,1
2930,1800,0
2931,2892,0
2932,1809,0
2933,2620,0
2934,262,0
2935,843,0
2936,3913,0
2937,182,0
2938,3776,0
2939,3772,0
2940,1183,0
2941,2901,1
2942,2290,0
2943,443,0
2944,1503,0
2945,2739,0
2946,1208,0
2947,1012,0
2948,2704,0
2949,855,1
2950,427,0
2951,606,0
2952,3550,1
2953,2265,0
2954,4111,0
2955,1030,0
2956,2396,0
2957,549,0
2958,3867,0
2959,1777,0
2960,2086,0
2961,2008,0
2962,1716,0
2963,1513,1
2964,1657,1
2965,2817,0
2966,240,0
2967,1092,0
2968,3196,0
2969,49,0
2970,646,0
2971,448,0
2972,1707,0
2973,3576,0
2974,365,1
2975,2584,0
2976,1341,0
2977,748,0
2978,1553,0
2979,3727,0
2980,3945,1
2981,283,0
2982,372,0
2983,242,0
2984,1236,0
2985,2170,1
2986,298,0
2987,2464,0
2988,43,0
2989,2702,0
2990,118,0
2991,1880,0
2992,2654,0
2993,2890,0
2994,2154,1
2995,2401,0
2996,3560,0
2997,2864,0
2998,3470,0
2999,3972,0
3000,2143,0
3001,28,0
3002,1815,0
3003,3163,0
3004,916,0
3005,154,1
3006,2162,0
3007,1602,0
3008,3285,0
3009,493,0
3010,2440,1
3011,1419,0
3012,1195,0
3013,3397,0
3014,1799,0
3015,441,0
3016,31,0
3017,338,0
3018,2353,0
3019,1507,0
3020,1957,0
3021,1725,0
3022,3303,0
3023,399,0
3024,2453,0
3025,204,0
3026,3007,0
3027,1690,0
3028,1457,0
3029,255,0
3030,1509,0
3031,1721,0
3032,119,0
3033,732,0
3034,2248,0
3035,3963,0
3036,3582,0
3037,3257,0
3038,44,0
3039,392,0
3040,2089,0
3041,1451,0
3042,3553,0
3043,3128,1
3044,1295,0
3045,184,0
3046,642,0
3047,3538,0
3048,1160,0
3049,710,0
3050,3141,0
3051,419,0
3052,1436,0
3053,1444,0
3054,3991,0
3055,459,0
3056,2297,0
3057,1776,0
3058,1621,0
3059,1866,0
3060,3078,0
3061,1431,0
3062,4046,0
3063,767,0
3064,172,0
3065,2874,0
3066,697,1
3067,2560,0
3068,2435,0
3069,3246,0
3070,1619,0
3071,373,0
3072,281,0
3073,2113,0
3074,235,0
3075,1231,1
3076,4037,0
3077,149,0
3078,4071,0
3079,3103,0
3080,1010,0
3081,3136,0
3082,3502,0
3083,2908,0
3084,2053,0
3085,700,1
3086,681,0
3087,1685,0
3088,1013,0
3089,640,1
3090,59,0
3091,2171,0
3092,964,0
3093,2960,0
3094,1426,1
3095,667,0
3096,1624,0
3097,1964,0
3098,2792,0
3099,3221,0
3100,2677,0
3101,2022,0
3102,2972,0
3103,559,0
3104,3451,0
3105,1151,0
3106,1235,0
3107,3906,0
3108,3793,0
3109,1228,0
3110,3,0
3111,1495,0
3112,1659,1
3113,4084,0
3114,485,0
3115,2060,0
3116,2369,0
3117,960,0
3118,1394,0
3119,2910,0
3120,679,0
3121,215,0
3122,3281,0
3123,1342,0
3124,3126,0
3125,2103,1
3126,3961,1
3127,3775,0
3128,2361,0
3129,928,0
3130,616,0
3131,3790,0
3132,3084,0
3133,2241,0
3134,2311,0
3135,1361,0
3136,2013,1
3137,2221,0
3138,1978,0
3139,2026,0
3140,1920,0
3141,1145,0
3142,112,0
3143,2990,0
3144,498,0
3145,1,0
3146,1834,0
3147,3458,0
3148,1415,1
3149,3996,0
3150,1901,0
3151,1697,0
3152,2603,0
3153,2159,0
3154,568,0
3155,1424,0
3156,1440,0
3157,1347,0
3158,2191,0
3159,2467,0
3160,1988,0
3161,510,0
3162,3430,0
3163,1220,0
3164,963,0
3165,2264,1
3166,132,0
3167,1734,0
3168,24,0
3169,707,0
3170,2616,0
3171,169,0
3172,3076,0
3173,2352,0
3174,747,0
3175,1152,0
3176,1122,0
3177,79,0
3178,898,0
3179,3143,0
3180,1531,0
3181,735,0
3182,2438,0
3183,3645,0
3184,341,1
3185,3596,0
3186,740,0
3187,1928,0
3188,2784,0
3189,2223,0
3190,200,0
3191,4045,0
3192,81,0
3193,3050,0
3194,1963,0
3195,734,1
3196,3874,0
3197,435,0
3198,275,0
3199,3774,0
3200,2899,0
3201,1085,0
3202,1260,0
3203,1500,0
3204,3052,1
3205,1131,0
3206,3202,0
3207,34,0
3208,1337,0
3209,3037,0
3210,1479,0
3211,2481,1
3212,3255,0
3213,1902,0
3214,3098,0
3215,2083,1
3216,1746,1
3217,1873,0
3218,3689,0
3219,2016,0
3220,1065,0
3221,3953,0
3222,2135,0
3223,2712,0
3224,3425,0
3225,4035,0
3226,4044,0
3227,3428,0
3228,3048,1
3229,2996,0
3230,3497,0
3231,316,1
3232,540,0
3233,2105,0
3234,2482,0
3235,2314,0
3236,4042,0
3237,305,0
3238,3392,0
3239,1727,0
3240,3365,1
3241,1264,0
3242,3280,0
3243,3546,0
3244,1939,0
3245,605,0
3246,1077,0
3247,2473,0
3248,918,0
3249,1921,0
3250,2003,0
3251,1140,0
3252,3459,0
3253,2928,0
3254,1496,0
3255,2255,0
3256,2433,0
3257,3124,0
3258,3658,0
3259,322,0
3260,1043,0
3261,2830,0
3262,3258,0
3263,690,0
3264,756,0
3265,402,0
3266,3374,0
3267,2280,0
3268,2854,0
3269,123,0
3270,121,0
3271,1147,0
3272,1309,0
3273,2072,0
3274,1938,0
3275,2891,0
3276,2858,1
3277,1656,0
3278,649,0
3279,1237,0
3280,2261,0
3281,2557,0
3282,2819,0
3283,2914,0
3284,726,0
3285,143,0
3286,1898,0
3287,3698,1
3288,583,1
3289,2757,0
3290,1173,0
3291,3093,0
3292,2397,0
3293,223,0
3294,4012,0
